{"cameraMode":{"drawMode":0,"name":"Shaded","section":"Shading Mode"},"sceneLighting":true,"audioPlay":false,"sceneViewState":{"m_AlwaysRefresh":false,"showFog":true,"showSkybox":true,"showFlares":true,"showImageEffects":true,"showParticleSystems":true,"showVisualEffectGraphs":true,"m_FxEnabled":true},"in2DMode":false,"pivot":{"x":-124.77529907226563,"y":97.6827392578125,"z":10.903690338134766},"rotation":{"x":-0.01373654417693615,"y":0.027812814339995385,"z":0.004124253056943417,"w":1.000403642654419},"size":17.27842140197754,"orthographic":false}