{"cameraMode":{"drawMode":0,"name":"Shaded","section":"Shading Mode"},"sceneLighting":true,"audioPlay":false,"sceneViewState":{"m_AlwaysRefresh":false,"showFog":true,"showSkybox":true,"showFlares":true,"showImageEffects":true,"showParticleSystems":true,"showVisualEffectGraphs":true,"m_FxEnabled":true},"in2DMode":false,"pivot":{"x":44.56039047241211,"y":108.7781753540039,"z":309.1366882324219},"rotation":{"x":-0.0032576359808444978,"y":-0.7132296562194824,"z":0.0022649052552878858,"w":-0.7011739015579224},"size":30.32084083557129,"orthographic":false}