{"cameraMode":{"drawMode":0,"name":"Shaded","section":"Shading Mode"},"sceneLighting":false,"audioPlay":false,"sceneViewState":{"m_AlwaysRefresh":false,"showFog":true,"showSkybox":false,"showFlares":true,"showImageEffects":true,"showParticleSystems":true,"showVisualEffectGraphs":true,"m_FxEnabled":true},"in2DMode":false,"pivot":{"x":11.736140251159668,"y":6.042283058166504,"z":3.106200933456421},"rotation":{"x":0.010989498347043991,"y":0.6695328950881958,"z":-0.011113754473626614,"w":0.7432785630226135},"size":21.865177154541017,"orthographic":false}