{"cameraMode":{"drawMode":0,"name":"Shaded","section":"Shading Mode"},"sceneLighting":false,"audioPlay":false,"sceneViewState":{"m_AlwaysRefresh":false,"showFog":true,"showSkybox":false,"showFlares":true,"showImageEffects":true,"showParticleSystems":true,"showVisualEffectGraphs":true,"m_FxEnabled":true},"in2DMode":false,"pivot":{"x":1.7734966278076172,"y":3.0615687370300295,"z":-0.7548179030418396},"rotation":{"x":0.006463347934186459,"y":0.9923194646835327,"z":-0.05510192736983299,"w":0.11196283996105194},"size":5.797499179840088,"orthographic":false}