{"cameraMode":{"drawMode":0,"name":"Shaded","section":"Shading Mode"},"sceneLighting":false,"audioPlay":false,"sceneViewState":{"m_AlwaysRefresh":false,"showFog":true,"showSkybox":false,"showFlares":true,"showImageEffects":true,"showParticleSystems":true,"showVisualEffectGraphs":true,"m_FxEnabled":true},"in2DMode":false,"pivot":{"x":0.0010006427764892579,"y":-0.001094818115234375,"z":0.677672266960144},"rotation":{"x":0.006463347934186459,"y":0.9923194646835327,"z":-0.05510192736983299,"w":0.11196283996105194},"size":4.48471212387085,"orthographic":false}