{"cameraMode":{"drawMode":0,"name":"Shaded","section":"Shading Mode"},"sceneLighting":false,"audioPlay":false,"sceneViewState":{"m_AlwaysRefresh":false,"showFog":true,"showSkybox":false,"showFlares":true,"showImageEffects":true,"showParticleSystems":true,"showVisualEffectGraphs":true,"m_FxEnabled":true},"in2DMode":false,"pivot":{"x":14.048826217651368,"y":-0.8206096887588501,"z":57.698734283447269},"rotation":{"x":0.6728734970092773,"y":-0.03482143208384514,"z":0.03074623830616474,"w":0.7389509677886963},"size":37.02678298950195,"orthographic":false}