{"cameraMode":{"drawMode":0,"name":"Shaded","section":"Shading Mode"},"sceneLighting":false,"audioPlay":false,"sceneViewState":{"m_AlwaysRefresh":false,"showFog":true,"showSkybox":false,"showFlares":true,"showImageEffects":true,"showParticleSystems":true,"showVisualEffectGraphs":true,"m_FxEnabled":true},"in2DMode":false,"pivot":{"x":4.022086143493652,"y":3.0716569423675539,"z":0.5471284985542297},"rotation":{"x":0.10769835114479065,"y":0.14501619338989259,"z":-0.017048217356204988,"w":0.9839033484458923},"size":14.417535781860352,"orthographic":false}