{"cameraMode":{"drawMode":0,"name":"Shaded","section":"Shading Mode"},"sceneLighting":false,"audioPlay":false,"sceneViewState":{"m_AlwaysRefresh":false,"showFog":true,"showSkybox":false,"showFlares":true,"showImageEffects":true,"showParticleSystems":true,"showVisualEffectGraphs":true,"m_FxEnabled":true},"in2DMode":false,"pivot":{"x":0.09841370582580567,"y":1.3117167949676514,"z":0.036379337310791019},"rotation":{"x":-0.2809876799583435,"y":0.5364222526550293,"z":-0.1958041787147522,"w":-0.7715386152267456},"size":3.7505767345428469,"orthographic":false}