{"cameraMode":{"drawMode":0,"name":"Shaded","section":"Shading Mode"},"sceneLighting":false,"audioPlay":false,"sceneViewState":{"m_AlwaysRefresh":false,"showFog":true,"showSkybox":false,"showFlares":true,"showImageEffects":true,"showParticleSystems":true,"showVisualEffectGraphs":true,"m_FxEnabled":true},"in2DMode":false,"pivot":{"x":-0.17618559300899507,"y":0.3992299437522888,"z":-1.0776232481002808},"rotation":{"x":-0.2095036506652832,"y":-0.06585972756147385,"z":0.013828291557729245,"w":-0.9756535887718201},"size":2.6154580116271974,"orthographic":false}