{"cameraMode":{"drawMode":0,"name":"Shaded","section":"Shading Mode"},"sceneLighting":false,"audioPlay":false,"sceneViewState":{"m_AlwaysRefresh":false,"showFog":true,"showSkybox":false,"showFlares":true,"showImageEffects":true,"showParticleSystems":true,"showVisualEffectGraphs":true,"m_FxEnabled":true},"in2DMode":false,"pivot":{"x":-1.457668662071228,"y":-0.14502303302288056,"z":-3.614306926727295},"rotation":{"x":-0.16815701127052308,"y":0.07840313762426377,"z":-0.013717572204768658,"w":-0.9827023148536682},"size":3.804380416870117,"orthographic":false}