{"cameraMode":{"drawMode":0,"name":"Shaded","section":"Shading Mode"},"sceneLighting":false,"audioPlay":false,"sceneViewState":{"m_AlwaysRefresh":false,"showFog":true,"showSkybox":false,"showFlares":true,"showImageEffects":true,"showParticleSystems":true,"showVisualEffectGraphs":true,"m_FxEnabled":true},"in2DMode":false,"pivot":{"x":-6.057406425476074,"y":0.008914947509765625,"z":-1.9858288764953614},"rotation":{"x":0.013917142525315285,"y":-0.24677418172359467,"z":0.0024966115597635509,"w":0.9694756865501404},"size":10.149998664855957,"orthographic":false}